{
    "curves": [
        {
            "cvs": [
                [
                    -0.22914, 
                    0.22914, 
                    0.22914
                ], 
                [
                    -0.22914, 
                    0.22914, 
                    -0.22914
                ], 
                [
                    0.22914, 
                    0.22914, 
                    -0.22914
                ], 
                [
                    0.22914, 
                    0.22914, 
                    0.22914
                ], 
                [
                    -0.22914, 
                    0.22914, 
                    0.22914
                ], 
                [
                    -0.22914, 
                    -0.22914, 
                    0.22914
                ], 
                [
                    0.22914, 
                    -0.22914, 
                    0.22914
                ], 
                [
                    0.22914, 
                    -0.22914, 
                    -0.22914
                ], 
                [
                    -0.22914, 
                    -0.22914, 
                    -0.22914
                ], 
                [
                    -0.22914, 
                    -0.22914, 
                    0.22914
                ], 
                [
                    0.22914, 
                    -0.22914, 
                    0.22914
                ], 
                [
                    0.22914, 
                    0.22914, 
                    0.22914
                ], 
                [
                    0.22914, 
                    0.22914, 
                    -0.22914
                ], 
                [
                    0.22914, 
                    -0.22914, 
                    -0.22914
                ], 
                [
                    -0.22914, 
                    -0.22914, 
                    -0.22914
                ], 
                [
                    -0.22914, 
                    0.22914, 
                    -0.22914
                ]
            ], 
            "degree": 1, 
            "form": 0, 
            "knots": [
                0.0, 
                1.0, 
                2.0, 
                3.0, 
                4.0, 
                5.0, 
                6.0, 
                7.0, 
                8.0, 
                9.0, 
                10.0, 
                11.0, 
                12.0, 
                13.0, 
                14.0, 
                15.0
            ]
        }
    ], 
    "node": "CTL_Brow_2_LF", 
    "up_axis": "z"
}