{
    "curves": [
        {
            "cvs": [
                [
                    -0.35325, 
                    0.35325, 
                    0.35325
                ], 
                [
                    -0.35325, 
                    0.35325, 
                    -0.35325
                ], 
                [
                    0.35325, 
                    0.35325, 
                    -0.35325
                ], 
                [
                    0.35325, 
                    0.35325, 
                    0.35325
                ], 
                [
                    -0.35325, 
                    0.35325, 
                    0.35325
                ], 
                [
                    -0.35325, 
                    -0.35325, 
                    0.35325
                ], 
                [
                    0.35325, 
                    -0.35325, 
                    0.35325
                ], 
                [
                    0.35325, 
                    -0.35325, 
                    -0.35325
                ], 
                [
                    -0.35325, 
                    -0.35325, 
                    -0.35325
                ], 
                [
                    -0.35325, 
                    -0.35325, 
                    0.35325
                ], 
                [
                    0.35325, 
                    -0.35325, 
                    0.35325
                ], 
                [
                    0.35325, 
                    0.35325, 
                    0.35325
                ], 
                [
                    0.35325, 
                    0.35325, 
                    -0.35325
                ], 
                [
                    0.35325, 
                    -0.35325, 
                    -0.35325
                ], 
                [
                    -0.35325, 
                    -0.35325, 
                    -0.35325
                ], 
                [
                    -0.35325, 
                    0.35325, 
                    -0.35325
                ]
            ], 
            "degree": 1, 
            "form": 0, 
            "knots": [
                0.0, 
                1.0, 
                2.0, 
                3.0, 
                4.0, 
                5.0, 
                6.0, 
                7.0, 
                8.0, 
                9.0, 
                10.0, 
                11.0, 
                12.0, 
                13.0, 
                14.0, 
                15.0
            ]
        }, 
        {
            "cvs": [
                [
                    3.58595, 
                    -0.00202, 
                    -0.00352
                ], 
                [
                    3.58595, 
                    -0.00202, 
                    -0.00352
                ], 
                [
                    3.58595, 
                    -0.00202, 
                    -0.00352
                ], 
                [
                    3.58595, 
                    -0.19761, 
                    -0.00352
                ], 
                [
                    3.58595, 
                    -0.45841, 
                    -0.00352
                ], 
                [
                    3.58595, 
                    -0.5888, 
                    -0.00352
                ], 
                [
                    3.58595, 
                    -0.5888, 
                    -0.13392
                ], 
                [
                    3.58595, 
                    -0.5888, 
                    -0.39472
                ], 
                [
                    3.58595, 
                    -0.5888, 
                    -0.7859
                ], 
                [
                    3.58595, 
                    -0.5888, 
                    -1.0467
                ], 
                [
                    3.58595, 
                    -0.5888, 
                    -1.17709
                ], 
                [
                    3.58595, 
                    -0.45841, 
                    -1.17709
                ], 
                [
                    3.58595, 
                    -0.19761, 
                    -1.17709
                ], 
                [
                    3.58595, 
                    0.19358, 
                    -1.17709
                ], 
                [
                    3.58595, 
                    0.45437, 
                    -1.17709
                ], 
                [
                    3.58595, 
                    0.58477, 
                    -1.17709
                ], 
                [
                    3.58595, 
                    0.58477, 
                    -1.0467
                ], 
                [
                    3.58595, 
                    0.58477, 
                    -0.7859
                ], 
                [
                    3.58595, 
                    0.58477, 
                    -0.39472
                ], 
                [
                    3.58595, 
                    0.58477, 
                    -0.13392
                ], 
                [
                    3.58595, 
                    0.58477, 
                    -0.00352
                ], 
                [
                    3.58595, 
                    0.45437, 
                    -0.00352
                ], 
                [
                    3.58595, 
                    0.19358, 
                    -0.00352
                ], 
                [
                    3.58595, 
                    -0.00202, 
                    -0.00352
                ], 
                [
                    3.58595, 
                    -0.00202, 
                    -0.00352
                ], 
                [
                    3.58595, 
                    -0.00202, 
                    -0.00352
                ], 
                [
                    0.0, 
                    0.0, 
                    0.0
                ], 
                [
                    0.0, 
                    0.0, 
                    0.0
                ], 
                [
                    0.0, 
                    0.0, 
                    0.0
                ], 
                [
                    3.58595, 
                    -0.00202, 
                    -0.00352
                ], 
                [
                    3.58595, 
                    -0.00202, 
                    -0.00352
                ], 
                [
                    3.58595, 
                    -0.00202, 
                    -0.00352
                ]
            ], 
            "degree": 3, 
            "form": 0, 
            "knots": [
                0.0, 
                0.0, 
                0.0, 
                1.0, 
                2.0, 
                3.0, 
                4.0, 
                5.0, 
                6.0, 
                7.0, 
                8.0, 
                9.0, 
                10.0, 
                11.0, 
                12.0, 
                13.0, 
                14.0, 
                15.0, 
                16.0, 
                17.0, 
                18.0, 
                19.0, 
                20.0, 
                21.0, 
                22.0, 
                23.0, 
                24.0, 
                25.0, 
                26.0, 
                27.0, 
                28.0, 
                29.0, 
                29.0, 
                29.0
            ]
        }
    ], 
    "node": "CTL_EyeLidLower_1_LF", 
    "up_axis": "z"
}