{
    "curves": [
        {
            "cvs": [
                [
                    6.10774, 
                    15.5763, 
                    -6.10774
                ], 
                [
                    0.0, 
                    15.5763, 
                    -8.63765
                ], 
                [
                    -6.10774, 
                    15.5763, 
                    -6.10774
                ], 
                [
                    -8.63765, 
                    15.5763, 
                    -0.0
                ], 
                [
                    -6.10774, 
                    15.5763, 
                    6.10774
                ], 
                [
                    -0.0, 
                    15.5763, 
                    8.63765
                ], 
                [
                    6.10774, 
                    15.5763, 
                    6.10774
                ], 
                [
                    8.63765, 
                    15.5763, 
                    0.0
                ], 
                [
                    6.10774, 
                    15.5763, 
                    -6.10774
                ], 
                [
                    0.0, 
                    15.5763, 
                    -8.63765
                ], 
                [
                    -6.10774, 
                    15.5763, 
                    -6.10774
                ]
            ], 
            "degree": 3, 
            "form": 2, 
            "knots": [
                -2.0, 
                -1.0, 
                0.0, 
                1.0, 
                2.0, 
                3.0, 
                4.0, 
                5.0, 
                6.0, 
                7.0, 
                8.0, 
                9.0, 
                10.0
            ]
        }, 
        {
            "cvs": [
                [
                    0.0, 
                    15.5763, 
                    -6.10774
                ], 
                [
                    0.0, 
                    15.5763, 
                    -8.63765
                ], 
                [
                    0.0, 
                    15.5763, 
                    -6.10774
                ], 
                [
                    0.0, 
                    15.5763, 
                    -0.0
                ], 
                [
                    -0.0, 
                    15.5763, 
                    6.10774
                ], 
                [
                    -0.0, 
                    15.5763, 
                    8.63765
                ], 
                [
                    -0.0, 
                    15.5763, 
                    6.10774
                ], 
                [
                    -0.0, 
                    15.5763, 
                    0.0
                ], 
                [
                    0.0, 
                    15.5763, 
                    -6.10774
                ], 
                [
                    0.0, 
                    15.5763, 
                    -8.63765
                ], 
                [
                    0.0, 
                    15.5763, 
                    -6.10774
                ]
            ], 
            "degree": 3, 
            "form": 2, 
            "knots": [
                -2.0, 
                -1.0, 
                0.0, 
                1.0, 
                2.0, 
                3.0, 
                4.0, 
                5.0, 
                6.0, 
                7.0, 
                8.0, 
                9.0, 
                10.0
            ]
        }, 
        {
            "cvs": [
                [
                    6.10774, 
                    15.5763, 
                    0.0
                ], 
                [
                    8.63765, 
                    15.5763, 
                    0.0
                ], 
                [
                    6.10774, 
                    15.5763, 
                    0.0
                ], 
                [
                    0.0, 
                    15.5763, 
                    0.0
                ], 
                [
                    -6.10774, 
                    15.5763, 
                    -0.0
                ], 
                [
                    -8.63765, 
                    15.5763, 
                    -0.0
                ], 
                [
                    -6.10774, 
                    15.5763, 
                    -0.0
                ], 
                [
                    -0.0, 
                    15.5763, 
                    -0.0
                ], 
                [
                    6.10774, 
                    15.5763, 
                    0.0
                ], 
                [
                    8.63765, 
                    15.5763, 
                    0.0
                ], 
                [
                    6.10774, 
                    15.5763, 
                    0.0
                ]
            ], 
            "degree": 3, 
            "form": 2, 
            "knots": [
                -2.0, 
                -1.0, 
                0.0, 
                1.0, 
                2.0, 
                3.0, 
                4.0, 
                5.0, 
                6.0, 
                7.0, 
                8.0, 
                9.0, 
                10.0
            ]
        }, 
        {
            "cvs": [
                [
                    -0.0, 
                    1.65329, 
                    -0.0
                ], 
                [
                    0.0, 
                    7.76102, 
                    -0.0
                ], 
                [
                    0.0, 
                    13.86876, 
                    -0.0
                ], 
                [
                    0.0, 
                    16.39867, 
                    -0.0
                ], 
                [
                    0.0, 
                    13.86876, 
                    0.0
                ], 
                [
                    0.0, 
                    7.76102, 
                    0.0
                ], 
                [
                    -0.0, 
                    1.65329, 
                    0.0
                ], 
                [
                    -0.0, 
                    -0.87662, 
                    0.0
                ], 
                [
                    -0.0, 
                    1.65329, 
                    -0.0
                ], 
                [
                    0.0, 
                    7.76102, 
                    -0.0
                ], 
                [
                    0.0, 
                    13.86876, 
                    -0.0
                ]
            ], 
            "degree": 3, 
            "form": 2, 
            "knots": [
                -2.0, 
                -1.0, 
                0.0, 
                1.0, 
                2.0, 
                3.0, 
                4.0, 
                5.0, 
                6.0, 
                7.0, 
                8.0, 
                9.0, 
                10.0
            ]
        }
    ], 
    "node": "nurbsCircle2"
}