{
    "curves": [
        {
            "cvs": [
                [
                    -0.0, 
                    2.47357, 
                    -0.51773
                ], 
                [
                    -0.0, 
                    2.87015, 
                    -0.65499
                ], 
                [
                    -0.0, 
                    3.12081, 
                    -0.60513
                ], 
                [
                    -0.0, 
                    3.3333, 
                    -0.46315
                ], 
                [
                    -0.0, 
                    3.47528, 
                    -0.25066
                ], 
                [
                    -0.0, 
                    3.52514, 
                    0.0
                ], 
                [
                    -0.0, 
                    3.47528, 
                    0.25066
                ], 
                [
                    -0.0, 
                    3.3333, 
                    0.46315
                ], 
                [
                    -0.0, 
                    3.12081, 
                    0.60513
                ], 
                [
                    -0.0, 
                    2.87015, 
                    0.65499
                ], 
                [
                    -0.0, 
                    2.47357, 
                    0.51773
                ], 
                [
                    -0.0, 
                    2.00814, 
                    0.05123
                ], 
                [
                    -0.0, 
                    0.00915, 
                    0.0
                ], 
                [
                    -0.0, 
                    0.00915, 
                    0.0
                ], 
                [
                    -0.0, 
                    0.00915, 
                    0.0
                ], 
                [
                    -0.0, 
                    2.00814, 
                    -0.05123
                ], 
                [
                    -0.0, 
                    2.47357, 
                    -0.51773
                ], 
                [
                    -0.0, 
                    2.87015, 
                    -0.65499
                ], 
                [
                    -0.0, 
                    3.12081, 
                    -0.60513
                ]
            ], 
            "degree": 3, 
            "form": 0, 
            "knots": [
                -2.0, 
                -1.0, 
                0.0, 
                1.0, 
                2.0, 
                3.0, 
                4.0, 
                5.0, 
                6.0, 
                7.0, 
                8.0, 
                9.0, 
                10.0, 
                11.0, 
                12.0, 
                13.0, 
                14.0, 
                15.0, 
                16.0, 
                17.0, 
                18.0
            ]
        }
    ], 
    "node": "CTL_ThumbFinger_1_LF"
}