{
    "curves": [
        {
            "cvs": [
                [
                    -0.0, 
                    1.00827, 
                    1.00645
                ], 
                [
                    -0.0, 
                    0.81193, 
                    0.98711
                ], 
                [
                    -0.0, 
                    0.62312, 
                    0.92984
                ], 
                [
                    -0.0, 
                    0.44912, 
                    0.83683
                ], 
                [
                    -0.0, 
                    0.29661, 
                    0.71166
                ], 
                [
                    -0.0, 
                    0.17144, 
                    0.55915
                ], 
                [
                    -0.0, 
                    0.07844, 
                    0.38515
                ], 
                [
                    -0.0, 
                    0.02117, 
                    0.19635
                ], 
                [
                    -0.0, 
                    0.00183, 
                    0.0
                ], 
                [
                    0.0, 
                    0.02117, 
                    -0.19635
                ], 
                [
                    0.0, 
                    0.07844, 
                    -0.38515
                ], 
                [
                    0.0, 
                    0.17144, 
                    -0.55915
                ], 
                [
                    0.0, 
                    0.29661, 
                    -0.71166
                ], 
                [
                    0.0, 
                    0.44912, 
                    -0.83683
                ], 
                [
                    0.0, 
                    0.62312, 
                    -0.92984
                ], 
                [
                    0.0, 
                    0.81193, 
                    -0.98711
                ], 
                [
                    0.0, 
                    1.00827, 
                    -1.00645
                ]
            ], 
            "degree": 1, 
            "form": 0, 
            "knots": [
                0.0, 
                1.0, 
                2.0, 
                3.0, 
                4.0, 
                5.0, 
                6.0, 
                7.0, 
                8.0, 
                9.0, 
                10.0, 
                11.0, 
                12.0, 
                13.0, 
                14.0, 
                15.0, 
                16.0
            ]
        }, 
        {
            "cvs": [
                [
                    0.0, 
                    1.03875, 
                    -1.11572
                ], 
                [
                    0.0, 
                    1.14886, 
                    -1.16133
                ], 
                [
                    0.0, 
                    1.25896, 
                    -1.11572
                ], 
                [
                    0.0, 
                    1.30457, 
                    -1.00561
                ], 
                [
                    -0.0, 
                    1.25896, 
                    -0.89551
                ], 
                [
                    -0.0, 
                    1.14886, 
                    -0.8499
                ], 
                [
                    -0.0, 
                    1.03875, 
                    -0.89551
                ], 
                [
                    -0.0, 
                    0.99315, 
                    -1.00561
                ], 
                [
                    0.0, 
                    1.03875, 
                    -1.11572
                ], 
                [
                    0.0, 
                    1.14886, 
                    -1.16133
                ], 
                [
                    0.0, 
                    1.25896, 
                    -1.11572
                ]
            ], 
            "degree": 3, 
            "form": 2, 
            "knots": [
                -2.0, 
                -1.0, 
                0.0, 
                1.0, 
                2.0, 
                3.0, 
                4.0, 
                5.0, 
                6.0, 
                7.0, 
                8.0, 
                9.0, 
                10.0
            ]
        }, 
        {
            "cvs": [
                [
                    0.0, 
                    1.03875, 
                    0.89589
                ], 
                [
                    0.0, 
                    1.14886, 
                    0.85029
                ], 
                [
                    0.0, 
                    1.25896, 
                    0.89589
                ], 
                [
                    0.0, 
                    1.30457, 
                    1.006
                ], 
                [
                    -0.0, 
                    1.25896, 
                    1.11611
                ], 
                [
                    -0.0, 
                    1.14886, 
                    1.16171
                ], 
                [
                    -0.0, 
                    1.03875, 
                    1.11611
                ], 
                [
                    -0.0, 
                    0.99315, 
                    1.006
                ], 
                [
                    0.0, 
                    1.03875, 
                    0.89589
                ], 
                [
                    0.0, 
                    1.14886, 
                    0.85029
                ], 
                [
                    0.0, 
                    1.25896, 
                    0.89589
                ]
            ], 
            "degree": 3, 
            "form": 2, 
            "knots": [
                -2.0, 
                -1.0, 
                0.0, 
                1.0, 
                2.0, 
                3.0, 
                4.0, 
                5.0, 
                6.0, 
                7.0, 
                8.0, 
                9.0, 
                10.0
            ]
        }
    ], 
    "node": "curve1"
}