{
    "curves": [
        {
            "cvs": [
                [
                    -3.72972, 
                    4e-05, 
                    0.0
                ], 
                [
                    -4.44194, 
                    0.0, 
                    0.0
                ], 
                [
                    -3.72972, 
                    -4e-05, 
                    -0.0
                ], 
                [
                    -0.0, 
                    -5e-05, 
                    0.0
                ], 
                [
                    3.72972, 
                    -4e-05, 
                    -0.0
                ], 
                [
                    4.44803, 
                    -0.0, 
                    0.0
                ], 
                [
                    3.72972, 
                    4e-05, 
                    0.0
                ], 
                [
                    0.0, 
                    5e-05, 
                    -0.0
                ], 
                [
                    -3.72972, 
                    4e-05, 
                    0.0
                ], 
                [
                    -4.44194, 
                    0.0, 
                    0.0
                ], 
                [
                    -3.72972, 
                    -4e-05, 
                    -0.0
                ]
            ], 
            "degree": 3, 
            "form": 0, 
            "knots": [
                -2.0, 
                -1.0, 
                0.0, 
                1.0, 
                2.0, 
                3.0, 
                4.0, 
                5.0, 
                6.0, 
                7.0, 
                8.0, 
                9.0, 
                10.0
            ]
        }, 
        {
            "cvs": [
                [
                    -3.72972, 
                    0.0, 
                    -3.72972
                ], 
                [
                    -5.27461, 
                    0.0, 
                    0.0
                ], 
                [
                    -0.47303, 
                    0.0, 
                    3.72972
                ], 
                [
                    0.0, 
                    0.0, 
                    7.38967
                ], 
                [
                    0.47303, 
                    0.0, 
                    3.72972
                ], 
                [
                    5.27461, 
                    -0.0, 
                    0.0
                ], 
                [
                    3.72972, 
                    0.0, 
                    -3.72972
                ], 
                [
                    0.0, 
                    -0.0, 
                    -5.27461
                ], 
                [
                    -3.72972, 
                    0.0, 
                    -3.72972
                ], 
                [
                    -5.27461, 
                    0.0, 
                    0.0
                ], 
                [
                    -0.47303, 
                    0.0, 
                    3.72972
                ]
            ], 
            "degree": 3, 
            "form": 0, 
            "knots": [
                -2.0, 
                -1.0, 
                0.0, 
                1.0, 
                2.0, 
                3.0, 
                4.0, 
                5.0, 
                6.0, 
                7.0, 
                8.0, 
                9.0, 
                10.0
            ]
        }, 
        {
            "cvs": [
                [
                    0.0, 
                    4e-05, 
                    -3.72972
                ], 
                [
                    0.0, 
                    5e-05, 
                    -0.0
                ], 
                [
                    0.0, 
                    4e-05, 
                    3.72972
                ], 
                [
                    0.0, 
                    0.0, 
                    7.38967
                ], 
                [
                    -0.0, 
                    -4e-05, 
                    3.72972
                ], 
                [
                    -0.0, 
                    -5e-05, 
                    0.0
                ], 
                [
                    -0.0, 
                    -4e-05, 
                    -3.72972
                ], 
                [
                    0.0, 
                    -0.0, 
                    -5.27461
                ], 
                [
                    0.0, 
                    4e-05, 
                    -3.72972
                ], 
                [
                    0.0, 
                    5e-05, 
                    -0.0
                ], 
                [
                    0.0, 
                    4e-05, 
                    3.72972
                ]
            ], 
            "degree": 3, 
            "form": 0, 
            "knots": [
                -2.0, 
                -1.0, 
                0.0, 
                1.0, 
                2.0, 
                3.0, 
                4.0, 
                5.0, 
                6.0, 
                7.0, 
                8.0, 
                9.0, 
                10.0
            ]
        }
    ], 
    "node": "CTL_Hand_1_LF"
}