{
    "curves": [
        {
            "cvs": [
                [
                    0.00124, 
                    0.0, 
                    0.0
                ], 
                [
                    0.00124, 
                    2.3126, 
                    0.0
                ], 
                [
                    0.58366, 
                    3.08347, 
                    -0.0
                ], 
                [
                    1.47383, 
                    3.08347, 
                    -0.0
                ], 
                [
                    2.05625, 
                    3.85434, 
                    -0.0
                ], 
                [
                    5.95091, 
                    3.85434, 
                    -0.0
                ], 
                [
                    6.53333, 
                    3.08347, 
                    0.0
                ], 
                [
                    6.53333, 
                    -3.08347, 
                    0.0
                ], 
                [
                    5.95091, 
                    -3.85434, 
                    0.0
                ], 
                [
                    2.05625, 
                    -3.85434, 
                    0.0
                ], 
                [
                    1.47383, 
                    -3.08347, 
                    0.0
                ], 
                [
                    0.58366, 
                    -3.08347, 
                    0.0
                ], 
                [
                    0.00124, 
                    -2.3126, 
                    -0.0
                ], 
                [
                    0.00124, 
                    0.0, 
                    0.0
                ]
            ], 
            "degree": 1, 
            "form": 0, 
            "knots": [
                0.0, 
                1.0, 
                2.0, 
                3.0, 
                4.0, 
                5.0, 
                6.0, 
                7.0, 
                8.0, 
                9.0, 
                10.0, 
                11.0, 
                12.0, 
                13.0
            ]
        }
    ], 
    "node": "CTL_IkToe_1_LF"
}