{
    "curves": [
        {
            "cvs": [
                [
                    10.0,
                    0.0,
                    0.0
                ],
                [
                    5.0,
                    -0.00013,
                    5.0
                ],
                [
                    5.0,
                    -8e-05,
                    3.0
                ],
                [
                    -11.0,
                    0.0,
                    0.0
                ],
                [
                    5.0,
                    8e-05,
                    -3.0
                ],
                [
                    5.0,
                    0.00013,
                    -5.0
                ],
                [
                    10.0,
                    0.0,
                    0.0
                ]
            ],
            "degree": 1,
            "form": 0,
            "knots": [
                0.0,
                1.0,
                2.0,
                3.0,
                4.0,
                5.0,
                6.0
            ]
        }
    ],
    "node": "transform1",
    "up_axis": "y"
}