{
    "curves": [
        {
            "cvs": [
                [
                    0.0,
                    -0.50027,
                    10.49999
                ],
                [
                    5.0,
                    -0.50014,
                    5.49999
                ],
                [
                    3.0,
                    -0.50014,
                    5.49999
                ],
                [
                    -1.0,
                    -0.49973,
                    -10.50001
                ],
                [
                    -3.0,
                    -0.50014,
                    5.49999
                ],
                [
                    -5.0,
                    -0.50014,
                    5.49999
                ],
                [
                    0.0,
                    -0.50027,
                    10.49999
                ]
            ],
            "degree": 1,
            "form": 0,
            "knots": [
                0.0,
                1.0,
                2.0,
                3.0,
                4.0,
                5.0,
                6.0
            ]
        }
    ],
    "node": "transform1",
    "up_axis": "y"
}