{
    "curves": [
        {
            "cvs": [
                [
                    0.0,
                    3e-05,
                    -1.02603
                ],
                [
                    -0.39265,
                    2e-05,
                    -0.94793
                ],
                [
                    -0.72552,
                    2e-05,
                    -0.72552
                ],
                [
                    -0.94793,
                    1e-05,
                    -0.39265
                ],
                [
                    -1.02603,
                    0.0,
                    0.0
                ],
                [
                    -0.94793,
                    -1e-05,
                    0.39265
                ],
                [
                    -0.72552,
                    -2e-05,
                    0.72552
                ],
                [
                    -0.39265,
                    -2e-05,
                    0.94793
                ],
                [
                    0.0,
                    -3e-05,
                    1.02603
                ],
                [
                    0.39265,
                    -2e-05,
                    0.94793
                ],
                [
                    0.72552,
                    -2e-05,
                    0.72552
                ],
                [
                    0.94793,
                    -1e-05,
                    0.39265
                ],
                [
                    1.02603,
                    0.0,
                    0.0
                ],
                [
                    0.94793,
                    1e-05,
                    -0.39265
                ],
                [
                    0.72552,
                    2e-05,
                    -0.72552
                ],
                [
                    0.39265,
                    2e-05,
                    -0.94793
                ],
                [
                    0.0,
                    3e-05,
                    -1.02603
                ]
            ],
            "degree": 1,
            "form": 0,
            "knots": [
                0.0,
                1.0,
                2.0,
                3.0,
                4.0,
                5.0,
                6.0,
                7.0,
                8.0,
                9.0,
                10.0,
                11.0,
                12.0,
                13.0,
                14.0,
                15.0,
                16.0
            ]
        }
    ],
    "node": "transform9",
    "up_axis": "y"
}