{
    "curves": [
        {
            "cvs": [
                [
                    -2.55677,
                    -1e-05,
                    1.68587
                ],
                [
                    -2.55677,
                    -7e-05,
                    1.68587
                ],
                [
                    1.68587,
                    4e-05,
                    -2.55677
                ],
                [
                    1.68587,
                    0.0001,
                    -2.55677
                ],
                [
                    -2.55677,
                    -1e-05,
                    1.68587
                ],
                [
                    -1.68587,
                    -4e-05,
                    2.55677
                ],
                [
                    2.55677,
                    7e-05,
                    -1.68587
                ],
                [
                    2.55677,
                    1e-05,
                    -1.68587
                ],
                [
                    -1.68587,
                    -0.0001,
                    2.55677
                ],
                [
                    -1.68587,
                    -4e-05,
                    2.55677
                ],
                [
                    2.55677,
                    7e-05,
                    -1.68587
                ],
                [
                    1.68587,
                    0.0001,
                    -2.55677
                ],
                [
                    1.68587,
                    4e-05,
                    -2.55677
                ],
                [
                    2.55677,
                    1e-05,
                    -1.68587
                ],
                [
                    -1.68587,
                    -0.0001,
                    2.55677
                ],
                [
                    -2.55677,
                    -7e-05,
                    1.68587
                ]
            ],
            "degree": 1,
            "form": 0,
            "knots": [
                0.0,
                1.0,
                2.0,
                3.0,
                4.0,
                5.0,
                6.0,
                7.0,
                8.0,
                9.0,
                10.0,
                11.0,
                12.0,
                13.0,
                14.0,
                15.0
            ]
        },
        {
            "cvs": [
                [
                    -1.69262,
                    0.0001,
                    -2.55003
                ],
                [
                    -1.69262,
                    4e-05,
                    -2.55003
                ],
                [
                    2.55003,
                    -7e-05,
                    1.69262
                ],
                [
                    2.55003,
                    -1e-05,
                    1.69262
                ],
                [
                    -1.69262,
                    0.0001,
                    -2.55003
                ],
                [
                    -2.55003,
                    7e-05,
                    -1.69262
                ],
                [
                    1.69262,
                    -4e-05,
                    2.55003
                ],
                [
                    1.69262,
                    -0.0001,
                    2.55003
                ],
                [
                    -2.55003,
                    1e-05,
                    -1.69262
                ],
                [
                    -2.55003,
                    7e-05,
                    -1.69262
                ],
                [
                    1.69262,
                    -4e-05,
                    2.55003
                ],
                [
                    2.55003,
                    -1e-05,
                    1.69262
                ],
                [
                    2.55003,
                    -7e-05,
                    1.69262
                ],
                [
                    1.69262,
                    -0.0001,
                    2.55003
                ],
                [
                    -2.55003,
                    1e-05,
                    -1.69262
                ],
                [
                    -1.69262,
                    4e-05,
                    -2.55003
                ]
            ],
            "degree": 1,
            "form": 0,
            "knots": [
                0.0,
                1.0,
                2.0,
                3.0,
                4.0,
                5.0,
                6.0,
                7.0,
                8.0,
                9.0,
                10.0,
                11.0,
                12.0,
                13.0,
                14.0,
                15.0
            ]
        }
    ],
    "node": "transform12",
    "up_axis": "y"
}