{
    "curves": [
        {
            "cvs": [
                [
                    -2.55677, 
                    -1.68587, 
                    3e-05
                ], 
                [
                    -2.55677, 
                    -1.68587, 
                    -3e-05
                ], 
                [
                    1.68587, 
                    2.55677, 
                    -3e-05
                ], 
                [
                    1.68587, 
                    2.55677, 
                    3e-05
                ], 
                [
                    -2.55677, 
                    -1.68587, 
                    3e-05
                ], 
                [
                    -1.68587, 
                    -2.55677, 
                    3e-05
                ], 
                [
                    2.55677, 
                    1.68587, 
                    3e-05
                ], 
                [
                    2.55677, 
                    1.68587, 
                    -3e-05
                ], 
                [
                    -1.68587, 
                    -2.55677, 
                    -3e-05
                ], 
                [
                    -1.68587, 
                    -2.55677, 
                    3e-05
                ], 
                [
                    2.55677, 
                    1.68587, 
                    3e-05
                ], 
                [
                    1.68587, 
                    2.55677, 
                    3e-05
                ], 
                [
                    1.68587, 
                    2.55677, 
                    -3e-05
                ], 
                [
                    2.55677, 
                    1.68587, 
                    -3e-05
                ], 
                [
                    -1.68587, 
                    -2.55677, 
                    -3e-05
                ], 
                [
                    -2.55677, 
                    -1.68587, 
                    -3e-05
                ]
            ], 
            "degree": 1, 
            "form": 0, 
            "knots": [
                0.0, 
                1.0, 
                2.0, 
                3.0, 
                4.0, 
                5.0, 
                6.0, 
                7.0, 
                8.0, 
                9.0, 
                10.0, 
                11.0, 
                12.0, 
                13.0, 
                14.0, 
                15.0
            ]
        }, 
        {
            "cvs": [
                [
                    -1.69262, 
                    2.55003, 
                    3e-05
                ], 
                [
                    -1.69262, 
                    2.55003, 
                    -3e-05
                ], 
                [
                    2.55003, 
                    -1.69262, 
                    -3e-05
                ], 
                [
                    2.55003, 
                    -1.69262, 
                    3e-05
                ], 
                [
                    -1.69262, 
                    2.55003, 
                    3e-05
                ], 
                [
                    -2.55003, 
                    1.69262, 
                    3e-05
                ], 
                [
                    1.69262, 
                    -2.55003, 
                    3e-05
                ], 
                [
                    1.69262, 
                    -2.55003, 
                    -3e-05
                ], 
                [
                    -2.55003, 
                    1.69262, 
                    -3e-05
                ], 
                [
                    -2.55003, 
                    1.69262, 
                    3e-05
                ], 
                [
                    1.69262, 
                    -2.55003, 
                    3e-05
                ], 
                [
                    2.55003, 
                    -1.69262, 
                    3e-05
                ], 
                [
                    2.55003, 
                    -1.69262, 
                    -3e-05
                ], 
                [
                    1.69262, 
                    -2.55003, 
                    -3e-05
                ], 
                [
                    -2.55003, 
                    1.69262, 
                    -3e-05
                ], 
                [
                    -1.69262, 
                    2.55003, 
                    -3e-05
                ]
            ], 
            "degree": 1, 
            "form": 0, 
            "knots": [
                0.0, 
                1.0, 
                2.0, 
                3.0, 
                4.0, 
                5.0, 
                6.0, 
                7.0, 
                8.0, 
                9.0, 
                10.0, 
                11.0, 
                12.0, 
                13.0, 
                14.0, 
                15.0
            ]
        }
    ], 
    "node": "CTL_WheelTop_1_LF", 
    "up_axis": "z"
}