{
    "curves": [
        {
            "cvs": [
                [
                    -3.0,
                    3.00008,
                    -2.99992
                ],
                [
                    -3.0,
                    -2.99992,
                    -3.00008
                ],
                [
                    3.0,
                    -2.99992,
                    -3.00008
                ],
                [
                    3.0,
                    3.00008,
                    -2.99992
                ],
                [
                    -3.0,
                    3.00008,
                    -2.99992
                ],
                [
                    -3.0,
                    2.99992,
                    3.00008
                ],
                [
                    3.0,
                    2.99992,
                    3.00008
                ],
                [
                    3.0,
                    -3.00008,
                    2.99992
                ],
                [
                    -3.0,
                    -3.00008,
                    2.99992
                ],
                [
                    -3.0,
                    2.99992,
                    3.00008
                ],
                [
                    3.0,
                    2.99992,
                    3.00008
                ],
                [
                    3.0,
                    3.00008,
                    -2.99992
                ],
                [
                    3.0,
                    -2.99992,
                    -3.00008
                ],
                [
                    3.0,
                    -3.00008,
                    2.99992
                ],
                [
                    -3.0,
                    -3.00008,
                    2.99992
                ],
                [
                    -3.0,
                    -2.99992,
                    -3.00008
                ]
            ],
            "degree": 1,
            "form": 0,
            "knots": [
                0.0,
                1.0,
                2.0,
                3.0,
                4.0,
                5.0,
                6.0,
                7.0,
                8.0,
                9.0,
                10.0,
                11.0,
                12.0,
                13.0,
                14.0,
                15.0
            ]
        }
    ],
    "node": "transform15",
    "up_axis": "y"
}