{
    "curves": [
        {
            "cvs": [
                [
                    0.40282,
                    0.10885,
                    0.0
                ],
                [
                    -0.0,
                    -0.058,
                    -0.0
                ],
                [
                    -0.40282,
                    0.10887,
                    0.0
                ],
                [
                    -0.56966,
                    0.51169,
                    0.0
                ],
                [
                    -0.40281,
                    0.51391,
                    0.0
                ],
                [
                    1e-05,
                    0.5139,
                    0.0
                ],
                [
                    0.40283,
                    0.51388,
                    0.0
                ],
                [
                    0.56969,
                    0.51166,
                    -0.0
                ],
                [
                    0.40282,
                    0.10885,
                    0.0
                ],
                [
                    -0.0,
                    -0.058,
                    -0.0
                ],
                [
                    -0.40282,
                    0.10887,
                    0.0
                ]
            ],
            "degree": 3,
            "form": 0,
            "knots": [
                -2.0,
                -1.0,
                0.0,
                1.0,
                2.0,
                3.0,
                4.0,
                5.0,
                6.0,
                7.0,
                8.0,
                9.0,
                10.0
            ]
        }
    ],
    "node": "transform1",
    "up_axis": "y"
}