{
    "curves": [
        {
            "cvs": [
                [
                    0.0, 
                    14.02023, 
                    51.88094
                ], 
                [
                    0.0, 
                    -7.46956, 
                    0.0
                ], 
                [
                    0.0, 
                    14.02023, 
                    -51.88094
                ], 
                [
                    0.0, 
                    65.90117, 
                    -73.37073
                ], 
                [
                    0.0, 
                    66.18683, 
                    -51.88094
                ], 
                [
                    -0.0, 
                    66.18705, 
                    -0.0
                ], 
                [
                    0.0, 
                    66.18683, 
                    51.88094
                ], 
                [
                    0.0, 
                    65.90117, 
                    73.37073
                ], 
                [
                    0.0, 
                    14.02023, 
                    51.88094
                ], 
                [
                    0.0, 
                    -7.46956, 
                    0.0
                ], 
                [
                    0.0, 
                    14.02023, 
                    -51.88094
                ]
            ], 
            "degree": 3, 
            "form": 2, 
            "knots": [
                -2.0, 
                -1.0, 
                0.0, 
                1.0, 
                2.0, 
                3.0, 
                4.0, 
                5.0, 
                6.0, 
                7.0, 
                8.0, 
                9.0, 
                10.0
            ]
        }
    ], 
    "node": "CTL_Pivot_1_MD1"
}