{
    "curves": [
        {
            "cvs": [
                [
                    0.8113,
                    2e-05,
                    -0.0
                ],
                [
                    0.74954,
                    0.3105,
                    0.0
                ],
                [
                    0.57366,
                    0.5737,
                    0.0
                ],
                [
                    0.31046,
                    0.74956,
                    0.0
                ],
                [
                    -2e-05,
                    0.8113,
                    0.0
                ],
                [
                    -0.3105,
                    0.74954,
                    -0.0
                ],
                [
                    -0.5737,
                    0.57366,
                    0.0
                ],
                [
                    -0.74956,
                    0.31046,
                    0.0
                ],
                [
                    -0.8113,
                    -2e-05,
                    0.0
                ],
                [
                    -0.74954,
                    -0.3105,
                    -0.0
                ],
                [
                    -0.57366,
                    -0.5737,
                    0.0
                ],
                [
                    -0.31046,
                    -0.74956,
                    -0.0
                ],
                [
                    2e-05,
                    -0.8113,
                    -0.0
                ],
                [
                    0.3105,
                    -0.74954,
                    0.0
                ],
                [
                    0.5737,
                    -0.57366,
                    -0.0
                ],
                [
                    0.74956,
                    -0.31046,
                    -0.0
                ],
                [
                    0.8113,
                    2e-05,
                    -0.0
                ]
            ],
            "degree": 1,
            "form": 0,
            "knots": [
                0.0,
                1.0,
                2.0,
                3.0,
                4.0,
                5.0,
                6.0,
                7.0,
                8.0,
                9.0,
                10.0,
                11.0,
                12.0,
                13.0,
                14.0,
                15.0,
                16.0
            ]
        }
    ],
    "node": "transform2",
    "up_axis": "y"
}