{
    "curves": [
        {
            "cvs": [
                [
                    0.0, 
                    0.8113, 
                    0.0
                ], 
                [
                    0.0, 
                    0.74955, 
                    0.31048
                ], 
                [
                    -0.0, 
                    0.57368, 
                    0.57368
                ], 
                [
                    -0.0, 
                    0.31048, 
                    0.74955
                ], 
                [
                    -0.0, 
                    0.0, 
                    0.8113
                ], 
                [
                    -0.0, 
                    -0.31048, 
                    0.74955
                ], 
                [
                    -0.0, 
                    -0.57368, 
                    0.57368
                ], 
                [
                    0.0, 
                    -0.74955, 
                    0.31048
                ], 
                [
                    0.0, 
                    -0.8113, 
                    0.0
                ], 
                [
                    0.0, 
                    -0.74955, 
                    -0.31048
                ], 
                [
                    0.0, 
                    -0.57368, 
                    -0.57368
                ], 
                [
                    0.0, 
                    -0.31048, 
                    -0.74955
                ], 
                [
                    0.0, 
                    0.0, 
                    -0.8113
                ], 
                [
                    0.0, 
                    0.31048, 
                    -0.74955
                ], 
                [
                    0.0, 
                    0.57368, 
                    -0.57368
                ], 
                [
                    0.0, 
                    0.74955, 
                    -0.31048
                ], 
                [
                    0.0, 
                    0.8113, 
                    0.0
                ]
            ], 
            "degree": 1, 
            "form": 0, 
            "knots": [
                0.0, 
                1.0, 
                2.0, 
                3.0, 
                4.0, 
                5.0, 
                6.0, 
                7.0, 
                8.0, 
                9.0, 
                10.0, 
                11.0, 
                12.0, 
                13.0, 
                14.0, 
                15.0, 
                16.0
            ]
        }
    ], 
    "node": "CTL_EyeTarget_1_RT", 
    "up_axis": "z"
}