{
    "curves": [
        {
            "cvs": [
                [
                    4.21583,
                    1.02614,
                    0.0
                ],
                [
                    -4.17432,
                    1.02592,
                    -0.0
                ],
                [
                    -4.56696,
                    0.94781,
                    0.0
                ],
                [
                    -4.89983,
                    0.72539,
                    -0.0
                ],
                [
                    -5.12223,
                    0.39252,
                    -0.0
                ],
                [
                    -5.20032,
                    -0.00014,
                    0.0
                ],
                [
                    -5.12221,
                    -0.39278,
                    -0.0
                ],
                [
                    -4.89979,
                    -0.72565,
                    -0.0
                ],
                [
                    -4.56692,
                    -0.94805,
                    -0.0
                ],
                [
                    -4.17426,
                    -1.02614,
                    -0.0
                ],
                [
                    4.21589,
                    -1.02592,
                    0.0
                ],
                [
                    4.60853,
                    -0.94781,
                    0.0
                ],
                [
                    4.9414,
                    -0.72539,
                    0.0
                ],
                [
                    5.1638,
                    -0.39251,
                    0.0
                ],
                [
                    5.24189,
                    0.00014,
                    0.0
                ],
                [
                    5.16378,
                    0.39279,
                    0.0
                ],
                [
                    4.94136,
                    0.72565,
                    0.0
                ],
                [
                    4.60849,
                    0.94805,
                    0.0
                ],
                [
                    4.21583,
                    1.02614,
                    0.0
                ]
            ],
            "degree": 1,
            "form": 0,
            "knots": [
                0.0,
                1.0,
                2.0,
                3.0,
                4.0,
                5.0,
                6.0,
                7.0,
                8.0,
                9.0,
                10.0,
                11.0,
                12.0,
                13.0,
                14.0,
                15.0,
                16.0,
                17.0,
                18.0
            ]
        }
    ],
    "node": "transform1",
    "up_axis": "y"
}