{
    "curves": [
        {
            "cvs": [
                [
                    0.0, 
                    4.21586, 
                    1.02603
                ], 
                [
                    0.0, 
                    -4.17429, 
                    1.02603
                ], 
                [
                    0.0, 
                    -4.56694, 
                    0.94793
                ], 
                [
                    0.0, 
                    -4.89981, 
                    0.72552
                ], 
                [
                    0.0, 
                    -5.12222, 
                    0.39265
                ], 
                [
                    0.0, 
                    -5.20032, 
                    0.0
                ], 
                [
                    0.0, 
                    -5.12222, 
                    -0.39265
                ], 
                [
                    0.0, 
                    -4.89981, 
                    -0.72552
                ], 
                [
                    0.0, 
                    -4.56694, 
                    -0.94793
                ], 
                [
                    0.0, 
                    -4.17429, 
                    -1.02603
                ], 
                [
                    0.0, 
                    4.21586, 
                    -1.02603
                ], 
                [
                    0.0, 
                    4.60851, 
                    -0.94793
                ], 
                [
                    0.0, 
                    4.94138, 
                    -0.72552
                ], 
                [
                    0.0, 
                    5.16379, 
                    -0.39265
                ], 
                [
                    0.0, 
                    5.24189, 
                    0.0
                ], 
                [
                    0.0, 
                    5.16379, 
                    0.39265
                ], 
                [
                    0.0, 
                    4.94138, 
                    0.72552
                ], 
                [
                    0.0, 
                    4.60851, 
                    0.94793
                ], 
                [
                    0.0, 
                    4.21586, 
                    1.02603
                ]
            ], 
            "degree": 1, 
            "form": 0, 
            "knots": [
                0.0, 
                1.0, 
                2.0, 
                3.0, 
                4.0, 
                5.0, 
                6.0, 
                7.0, 
                8.0, 
                9.0, 
                10.0, 
                11.0, 
                12.0, 
                13.0, 
                14.0, 
                15.0, 
                16.0, 
                17.0, 
                18.0
            ]
        }
    ], 
    "node": "CTL_EyeTarget_1_MD", 
    "up_axis": "z"
}