{
    "curves": [
        {
            "cvs": [
                [
                    0.35324,
                    0.35326,
                    -0.35325
                ],
                [
                    0.35326,
                    -0.35324,
                    -0.35325
                ],
                [
                    0.35326,
                    -0.35324,
                    0.35325
                ],
                [
                    0.35324,
                    0.35326,
                    0.35325
                ],
                [
                    0.35324,
                    0.35326,
                    -0.35325
                ],
                [
                    -0.35326,
                    0.35324,
                    -0.35325
                ],
                [
                    -0.35326,
                    0.35324,
                    0.35325
                ],
                [
                    -0.35324,
                    -0.35326,
                    0.35325
                ],
                [
                    -0.35324,
                    -0.35326,
                    -0.35325
                ],
                [
                    -0.35326,
                    0.35324,
                    -0.35325
                ],
                [
                    -0.35326,
                    0.35324,
                    0.35325
                ],
                [
                    0.35324,
                    0.35326,
                    0.35325
                ],
                [
                    0.35326,
                    -0.35324,
                    0.35325
                ],
                [
                    -0.35324,
                    -0.35326,
                    0.35325
                ],
                [
                    -0.35324,
                    -0.35326,
                    -0.35325
                ],
                [
                    0.35326,
                    -0.35324,
                    -0.35325
                ]
            ],
            "degree": 1,
            "form": 0,
            "knots": [
                0.0,
                1.0,
                2.0,
                3.0,
                4.0,
                5.0,
                6.0,
                7.0,
                8.0,
                9.0,
                10.0,
                11.0,
                12.0,
                13.0,
                14.0,
                15.0
            ]
        },
        {
            "cvs": [
                [
                    -0.00202,
                    -0.00352,
                    3.58595
                ],
                [
                    -0.00202,
                    -0.00352,
                    3.58595
                ],
                [
                    -0.00202,
                    -0.00352,
                    3.58595
                ],
                [
                    -0.19761,
                    -0.00353,
                    3.58595
                ],
                [
                    -0.45841,
                    -0.00353,
                    3.58595
                ],
                [
                    -0.5888,
                    -0.00354,
                    3.58595
                ],
                [
                    -0.5888,
                    -0.13394,
                    3.58595
                ],
                [
                    -0.58879,
                    -0.39474,
                    3.58595
                ],
                [
                    -0.58878,
                    -0.78592,
                    3.58595
                ],
                [
                    -0.58877,
                    -1.04672,
                    3.58595
                ],
                [
                    -0.58877,
                    -1.17711,
                    3.58595
                ],
                [
                    -0.45838,
                    -1.1771,
                    3.58595
                ],
                [
                    -0.19758,
                    -1.1771,
                    3.58595
                ],
                [
                    0.19361,
                    -1.17708,
                    3.58595
                ],
                [
                    0.4544,
                    -1.17708,
                    3.58595
                ],
                [
                    0.5848,
                    -1.17707,
                    3.58595
                ],
                [
                    0.5848,
                    -1.04668,
                    3.58595
                ],
                [
                    0.58479,
                    -0.78588,
                    3.58595
                ],
                [
                    0.58478,
                    -0.3947,
                    3.58595
                ],
                [
                    0.58477,
                    -0.1339,
                    3.58595
                ],
                [
                    0.58477,
                    -0.0035,
                    3.58595
                ],
                [
                    0.45437,
                    -0.00351,
                    3.58595
                ],
                [
                    0.19358,
                    -0.00351,
                    3.58595
                ],
                [
                    -0.00202,
                    -0.00352,
                    3.58595
                ],
                [
                    -0.00202,
                    -0.00352,
                    3.58595
                ],
                [
                    -0.00202,
                    -0.00352,
                    3.58595
                ],
                [
                    0.0,
                    0.0,
                    0.0
                ],
                [
                    0.0,
                    0.0,
                    0.0
                ],
                [
                    0.0,
                    0.0,
                    0.0
                ],
                [
                    -0.00202,
                    -0.00352,
                    3.58595
                ],
                [
                    -0.00202,
                    -0.00352,
                    3.58595
                ],
                [
                    -0.00202,
                    -0.00352,
                    3.58595
                ]
            ],
            "degree": 3,
            "form": 0,
            "knots": [
                0.0,
                0.0,
                0.0,
                1.0,
                2.0,
                3.0,
                4.0,
                5.0,
                6.0,
                7.0,
                8.0,
                9.0,
                10.0,
                11.0,
                12.0,
                13.0,
                14.0,
                15.0,
                16.0,
                17.0,
                18.0,
                19.0,
                20.0,
                21.0,
                22.0,
                23.0,
                24.0,
                25.0,
                26.0,
                27.0,
                28.0,
                29.0,
                29.0,
                29.0
            ]
        }
    ],
    "node": "transform3",
    "up_axis": "y"
}