{
    "curves": [
        {
            "cvs": [
                [
                    0.45197,
                    1e-05,
                    -0.0
                ],
                [
                    0.41757,
                    0.17297,
                    0.0
                ],
                [
                    0.31959,
                    0.31961,
                    -0.0
                ],
                [
                    0.17295,
                    0.41757,
                    -0.0
                ],
                [
                    -1e-05,
                    0.45197,
                    0.0
                ],
                [
                    -0.17297,
                    0.41757,
                    0.0
                ],
                [
                    -0.31961,
                    0.31959,
                    0.0
                ],
                [
                    -0.41757,
                    0.17295,
                    -0.0
                ],
                [
                    -0.45197,
                    -1e-05,
                    0.0
                ],
                [
                    -0.41757,
                    -0.17297,
                    -0.0
                ],
                [
                    -0.31959,
                    -0.31961,
                    0.0
                ],
                [
                    -0.17295,
                    -0.41757,
                    0.0
                ],
                [
                    1e-05,
                    -0.45197,
                    -0.0
                ],
                [
                    0.17297,
                    -0.41757,
                    -0.0
                ],
                [
                    0.31961,
                    -0.31959,
                    -0.0
                ],
                [
                    0.41757,
                    -0.17295,
                    0.0
                ],
                [
                    0.45197,
                    1e-05,
                    -0.0
                ]
            ],
            "degree": 1,
            "form": 0,
            "knots": [
                0.0,
                1.0,
                2.0,
                3.0,
                4.0,
                5.0,
                6.0,
                7.0,
                8.0,
                9.0,
                10.0,
                11.0,
                12.0,
                13.0,
                14.0,
                15.0,
                16.0
            ]
        }
    ],
    "node": "transform1",
    "up_axis": "y"
}