{
    "curves": [
        {
            "cvs": [
                [
                    -7.14783, 
                    3.29883, 
                    0.00395
                ], 
                [
                    -7.14783, 
                    -4.25788, 
                    0.00395
                ], 
                [
                    -5.70721, 
                    -5.54298, 
                    0.00395
                ], 
                [
                    20.19787, 
                    -5.54298, 
                    0.00398
                ], 
                [
                    21.81118, 
                    -3.73342, 
                    0.00398
                ], 
                [
                    21.81118, 
                    4.9832, 
                    0.00398
                ], 
                [
                    20.19787, 
                    6.85322, 
                    0.00398
                ], 
                [
                    4.9825, 
                    6.85322, 
                    0.00396
                ], 
                [
                    2.88869, 
                    4.98319, 
                    0.00396
                ], 
                [
                    -5.93709, 
                    4.6108, 
                    0.00395
                ], 
                [
                    -7.14783, 
                    3.29883, 
                    0.00395
                ]
            ], 
            "degree": 1, 
            "form": 0, 
            "knots": [
                0.0, 
                1.0, 
                2.0, 
                3.0, 
                4.0, 
                5.0, 
                6.0, 
                7.0, 
                8.0, 
                9.0, 
                10.0
            ]
        }
    ], 
    "node": "null1"
}