{
    "curves": [
        {
            "cvs": [
                [
                    3.29883,
                    0.00404,
                    -7.14783
                ],
                [
                    -4.25788,
                    0.00384,
                    -7.14783
                ],
                [
                    -5.54298,
                    0.0038,
                    -5.70721
                ],
                [
                    -5.54298,
                    0.00383,
                    20.19787
                ],
                [
                    -3.73342,
                    0.00388,
                    21.81118
                ],
                [
                    4.9832,
                    0.00411,
                    21.81118
                ],
                [
                    6.85322,
                    0.00416,
                    20.19787
                ],
                [
                    6.85322,
                    0.00414,
                    4.9825
                ],
                [
                    4.98319,
                    0.00409,
                    2.88869
                ],
                [
                    4.6108,
                    0.00407,
                    -5.93709
                ],
                [
                    3.29883,
                    0.00404,
                    -7.14783
                ]
            ],
            "degree": 1,
            "form": 0,
            "knots": [
                0.0,
                1.0,
                2.0,
                3.0,
                4.0,
                5.0,
                6.0,
                7.0,
                8.0,
                9.0,
                10.0
            ]
        }
    ],
    "node": "transform1",
    "up_axis": "y"
}