{
    "curves": [
        {
            "cvs": [
                [
                    0.0,
                    3e-05,
                    0.00559
                ],
                [
                    2.51512,
                    0.0001,
                    0.00559
                ],
                [
                    3.35349,
                    0.00012,
                    -0.44842
                ],
                [
                    3.35349,
                    0.00012,
                    -1.76466
                ],
                [
                    4.19186,
                    0.00014,
                    -2.21868
                ],
                [
                    4.19186,
                    0.00014,
                    -13.2632
                ],
                [
                    3.35349,
                    0.00012,
                    -13.71722
                ],
                [
                    -3.35349,
                    -6e-05,
                    -13.71722
                ],
                [
                    -4.19186,
                    -8e-05,
                    -13.2632
                ],
                [
                    -4.19186,
                    -8e-05,
                    -2.21868
                ],
                [
                    -3.35349,
                    -6e-05,
                    -1.76466
                ],
                [
                    -3.35349,
                    -6e-05,
                    -0.44842
                ],
                [
                    -2.51512,
                    -4e-05,
                    0.00559
                ],
                [
                    0.0,
                    3e-05,
                    0.00559
                ]
            ],
            "degree": 1,
            "form": 0,
            "knots": [
                0.0,
                1.0,
                2.0,
                3.0,
                4.0,
                5.0,
                6.0,
                7.0,
                8.0,
                9.0,
                10.0,
                11.0,
                12.0,
                13.0
            ]
        }
    ],
    "node": "transform1",
    "up_axis": "y"
}