{
    "curves": [
        {
            "cvs": [
                [
                    0.51766,
                    2.47358,
                    -0.0
                ],
                [
                    0.65491,
                    2.87017,
                    -0.0
                ],
                [
                    0.60505,
                    3.12083,
                    0.0
                ],
                [
                    0.46306,
                    3.33331,
                    -0.0
                ],
                [
                    0.25057,
                    3.47529,
                    -0.0
                ],
                [
                    -9e-05,
                    3.52514,
                    0.0
                ],
                [
                    -0.25075,
                    3.47527,
                    -0.0
                ],
                [
                    -0.46324,
                    3.33329,
                    0.0
                ],
                [
                    -0.60521,
                    3.12079,
                    0.0
                ],
                [
                    -0.65507,
                    2.87013,
                    0.0
                ],
                [
                    -0.5178,
                    2.47356,
                    -0.0
                ],
                [
                    -0.05128,
                    2.00814,
                    -0.0
                ],
                [
                    -0.0,
                    0.00915,
                    0.0
                ],
                [
                    -0.0,
                    0.00915,
                    0.0
                ],
                [
                    -0.0,
                    0.00915,
                    0.0
                ],
                [
                    0.05118,
                    2.00814,
                    -0.0
                ],
                [
                    0.51766,
                    2.47358,
                    -0.0
                ],
                [
                    0.65491,
                    2.87017,
                    -0.0
                ],
                [
                    0.60505,
                    3.12083,
                    0.0
                ]
            ],
            "degree": 3,
            "form": 0,
            "knots": [
                -2.0,
                -1.0,
                0.0,
                1.0,
                2.0,
                3.0,
                4.0,
                5.0,
                6.0,
                7.0,
                8.0,
                9.0,
                10.0,
                11.0,
                12.0,
                13.0,
                14.0,
                15.0,
                16.0,
                17.0,
                18.0
            ]
        }
    ],
    "node": "transform2",
    "up_axis": "y"
}