{
    "curves": [
        {
            "cvs": [
                [
                    -1.00648,
                    1.00824,
                    0.0
                ],
                [
                    -0.98713,
                    0.8119,
                    0.0
                ],
                [
                    -0.92986,
                    0.6231,
                    0.0
                ],
                [
                    -0.83684,
                    0.4491,
                    -0.0
                ],
                [
                    -0.71167,
                    0.29659,
                    0.0
                ],
                [
                    -0.55915,
                    0.17143,
                    0.0
                ],
                [
                    -0.38515,
                    0.07843,
                    0.0
                ],
                [
                    -0.19635,
                    0.02116,
                    0.0
                ],
                [
                    -0.0,
                    0.00183,
                    0.0
                ],
                [
                    0.19635,
                    0.02118,
                    0.0
                ],
                [
                    0.38515,
                    0.07845,
                    -0.0
                ],
                [
                    0.55915,
                    0.17145,
                    0.0
                ],
                [
                    0.71165,
                    0.29663,
                    0.0
                ],
                [
                    0.83682,
                    0.44914,
                    -0.0
                ],
                [
                    0.92982,
                    0.62314,
                    0.0
                ],
                [
                    0.98709,
                    0.81196,
                    -0.0
                ],
                [
                    1.00642,
                    1.0083,
                    -0.0
                ]
            ],
            "degree": 1,
            "form": 0,
            "knots": [
                0.0,
                1.0,
                2.0,
                3.0,
                4.0,
                5.0,
                6.0,
                7.0,
                8.0,
                9.0,
                10.0,
                11.0,
                12.0,
                13.0,
                14.0,
                15.0,
                16.0
            ]
        },
        {
            "cvs": [
                [
                    1.11569,
                    1.03878,
                    0.0
                ],
                [
                    1.1613,
                    1.14889,
                    -0.0
                ],
                [
                    1.11569,
                    1.25899,
                    0.0
                ],
                [
                    1.00558,
                    1.3046,
                    -0.0
                ],
                [
                    0.89548,
                    1.25898,
                    -0.0
                ],
                [
                    0.84987,
                    1.14888,
                    -0.0
                ],
                [
                    0.89548,
                    1.03877,
                    -0.0
                ],
                [
                    1.00558,
                    0.99318,
                    0.0
                ],
                [
                    1.11569,
                    1.03878,
                    0.0
                ],
                [
                    1.1613,
                    1.14889,
                    -0.0
                ],
                [
                    1.11569,
                    1.25899,
                    0.0
                ]
            ],
            "degree": 3,
            "form": 0,
            "knots": [
                -2.0,
                -1.0,
                0.0,
                1.0,
                2.0,
                3.0,
                4.0,
                5.0,
                6.0,
                7.0,
                8.0,
                9.0,
                10.0
            ]
        },
        {
            "cvs": [
                [
                    -0.89592,
                    1.03873,
                    0.0
                ],
                [
                    -0.85032,
                    1.14884,
                    -0.0
                ],
                [
                    -0.89592,
                    1.25894,
                    0.0
                ],
                [
                    -1.00603,
                    1.30454,
                    0.0
                ],
                [
                    -1.11614,
                    1.25893,
                    0.0
                ],
                [
                    -1.16174,
                    1.14883,
                    0.0
                ],
                [
                    -1.11614,
                    1.03872,
                    0.0
                ],
                [
                    -1.00603,
                    0.99312,
                    0.0
                ],
                [
                    -0.89592,
                    1.03873,
                    0.0
                ],
                [
                    -0.85032,
                    1.14884,
                    -0.0
                ],
                [
                    -0.89592,
                    1.25894,
                    0.0
                ]
            ],
            "degree": 3,
            "form": 0,
            "knots": [
                -2.0,
                -1.0,
                0.0,
                1.0,
                2.0,
                3.0,
                4.0,
                5.0,
                6.0,
                7.0,
                8.0,
                9.0,
                10.0
            ]
        }
    ],
    "node": "transform1",
    "up_axis": "y"
}