{
    "curves": [
        {
            "cvs": [
                [
                    3.13445,
                    -3.13445,
                    -8e-05
                ],
                [
                    0.0,
                    -4.43278,
                    -0.00012
                ],
                [
                    -3.13445,
                    -3.13445,
                    -8e-05
                ],
                [
                    -4.43278,
                    0.0,
                    0.0
                ],
                [
                    -3.13445,
                    3.13445,
                    8e-05
                ],
                [
                    0.0,
                    4.43278,
                    0.00012
                ],
                [
                    3.13445,
                    3.13445,
                    8e-05
                ],
                [
                    4.43278,
                    0.0,
                    0.0
                ],
                [
                    3.13445,
                    -3.13445,
                    -8e-05
                ],
                [
                    0.0,
                    -4.43278,
                    -0.00012
                ],
                [
                    -3.13445,
                    -3.13445,
                    -8e-05
                ]
            ],
            "degree": 3,
            "form": 0,
            "knots": [
                -2.0,
                -1.0,
                0.0,
                1.0,
                2.0,
                3.0,
                4.0,
                5.0,
                6.0,
                7.0,
                8.0,
                9.0,
                10.0
            ]
        },
        {
            "cvs": [
                [
                    0.0,
                    -3.13453,
                    3.13437
                ],
                [
                    0.0,
                    -4.43278,
                    -0.00012
                ],
                [
                    0.0,
                    -3.13437,
                    -3.13453
                ],
                [
                    0.0,
                    0.00012,
                    -4.43278
                ],
                [
                    0.0,
                    3.13453,
                    -3.13437
                ],
                [
                    0.0,
                    4.43278,
                    0.00012
                ],
                [
                    0.0,
                    3.13437,
                    3.13453
                ],
                [
                    0.0,
                    -0.00012,
                    4.43278
                ],
                [
                    0.0,
                    -3.13453,
                    3.13437
                ],
                [
                    0.0,
                    -4.43278,
                    -0.00012
                ],
                [
                    0.0,
                    -3.13437,
                    -3.13453
                ]
            ],
            "degree": 3,
            "form": 0,
            "knots": [
                -2.0,
                -1.0,
                0.0,
                1.0,
                2.0,
                3.0,
                4.0,
                5.0,
                6.0,
                7.0,
                8.0,
                9.0,
                10.0
            ]
        },
        {
            "cvs": [
                [
                    3.13445,
                    -8e-05,
                    3.13445
                ],
                [
                    4.43278,
                    0.0,
                    0.0
                ],
                [
                    3.13445,
                    8e-05,
                    -3.13445
                ],
                [
                    0.0,
                    0.00012,
                    -4.43278
                ],
                [
                    -3.13445,
                    8e-05,
                    -3.13445
                ],
                [
                    -4.43278,
                    0.0,
                    0.0
                ],
                [
                    -3.13445,
                    -8e-05,
                    3.13445
                ],
                [
                    0.0,
                    -0.00012,
                    4.43278
                ],
                [
                    3.13445,
                    -8e-05,
                    3.13445
                ],
                [
                    4.43278,
                    0.0,
                    0.0
                ],
                [
                    3.13445,
                    8e-05,
                    -3.13445
                ]
            ],
            "degree": 3,
            "form": 0,
            "knots": [
                -2.0,
                -1.0,
                0.0,
                1.0,
                2.0,
                3.0,
                4.0,
                5.0,
                6.0,
                7.0,
                8.0,
                9.0,
                10.0
            ]
        }
    ],
    "node": "transform41",
    "up_axis": "y"
}