{
    "curves": [
        {
            "cvs": [
                [
                    0.88176,
                    -0.88176,
                    -2e-05
                ],
                [
                    0.0,
                    -1.24699,
                    -3e-05
                ],
                [
                    -0.88176,
                    -0.88176,
                    -2e-05
                ],
                [
                    -1.24699,
                    0.0,
                    0.0
                ],
                [
                    -0.88176,
                    0.88176,
                    2e-05
                ],
                [
                    0.0,
                    1.24699,
                    3e-05
                ],
                [
                    0.88176,
                    0.88176,
                    2e-05
                ],
                [
                    1.24699,
                    0.0,
                    0.0
                ],
                [
                    0.88176,
                    -0.88176,
                    -2e-05
                ],
                [
                    0.0,
                    -1.24699,
                    -3e-05
                ],
                [
                    -0.88176,
                    -0.88176,
                    -2e-05
                ]
            ],
            "degree": 3,
            "form": 0,
            "knots": [
                -2.0,
                -1.0,
                0.0,
                1.0,
                2.0,
                3.0,
                4.0,
                5.0,
                6.0,
                7.0,
                8.0,
                9.0,
                10.0
            ]
        },
        {
            "cvs": [
                [
                    0.0,
                    -0.88178,
                    0.88174
                ],
                [
                    0.0,
                    -1.24699,
                    -3e-05
                ],
                [
                    0.0,
                    -0.88174,
                    -0.88178
                ],
                [
                    0.0,
                    3e-05,
                    -1.24699
                ],
                [
                    0.0,
                    0.88178,
                    -0.88174
                ],
                [
                    0.0,
                    1.24699,
                    3e-05
                ],
                [
                    0.0,
                    0.88174,
                    0.88178
                ],
                [
                    0.0,
                    -3e-05,
                    1.24699
                ],
                [
                    0.0,
                    -0.88178,
                    0.88174
                ],
                [
                    0.0,
                    -1.24699,
                    -3e-05
                ],
                [
                    0.0,
                    -0.88174,
                    -0.88178
                ]
            ],
            "degree": 3,
            "form": 0,
            "knots": [
                -2.0,
                -1.0,
                0.0,
                1.0,
                2.0,
                3.0,
                4.0,
                5.0,
                6.0,
                7.0,
                8.0,
                9.0,
                10.0
            ]
        },
        {
            "cvs": [
                [
                    0.88176,
                    -2e-05,
                    0.88176
                ],
                [
                    1.24699,
                    0.0,
                    0.0
                ],
                [
                    0.88176,
                    2e-05,
                    -0.88176
                ],
                [
                    0.0,
                    3e-05,
                    -1.24699
                ],
                [
                    -0.88176,
                    2e-05,
                    -0.88176
                ],
                [
                    -1.24699,
                    0.0,
                    0.0
                ],
                [
                    -0.88176,
                    -2e-05,
                    0.88176
                ],
                [
                    0.0,
                    -3e-05,
                    1.24699
                ],
                [
                    0.88176,
                    -2e-05,
                    0.88176
                ],
                [
                    1.24699,
                    0.0,
                    0.0
                ],
                [
                    0.88176,
                    2e-05,
                    -0.88176
                ]
            ],
            "degree": 3,
            "form": 0,
            "knots": [
                -2.0,
                -1.0,
                0.0,
                1.0,
                2.0,
                3.0,
                4.0,
                5.0,
                6.0,
                7.0,
                8.0,
                9.0,
                10.0
            ]
        }
    ],
    "node": "transform42",
    "up_axis": "y"
}