{
    "curves": [
        {
            "cvs": [
                [
                    3.13445, 
                    0.0, 
                    -3.13445
                ], 
                [
                    0.0, 
                    0.0, 
                    -4.43278
                ], 
                [
                    -3.13445, 
                    0.0, 
                    -3.13445
                ], 
                [
                    -4.43278, 
                    0.0, 
                    -0.0
                ], 
                [
                    -3.13445, 
                    -0.0, 
                    3.13445
                ], 
                [
                    -0.0, 
                    -0.0, 
                    4.43278
                ], 
                [
                    3.13445, 
                    -0.0, 
                    3.13445
                ], 
                [
                    4.43278, 
                    -0.0, 
                    0.0
                ], 
                [
                    3.13445, 
                    0.0, 
                    -3.13445
                ], 
                [
                    0.0, 
                    0.0, 
                    -4.43278
                ], 
                [
                    -3.13445, 
                    0.0, 
                    -3.13445
                ]
            ], 
            "degree": 3, 
            "form": 2, 
            "knots": [
                -2.0, 
                -1.0, 
                0.0, 
                1.0, 
                2.0, 
                3.0, 
                4.0, 
                5.0, 
                6.0, 
                7.0, 
                8.0, 
                9.0, 
                10.0
            ]
        }, 
        {
            "cvs": [
                [
                    -0.0, 
                    -3.13445, 
                    -3.13445
                ], 
                [
                    0.0, 
                    -0.0, 
                    -4.43278
                ], 
                [
                    0.0, 
                    3.13445, 
                    -3.13445
                ], 
                [
                    0.0, 
                    4.43278, 
                    -0.0
                ], 
                [
                    0.0, 
                    3.13445, 
                    3.13445
                ], 
                [
                    -0.0, 
                    0.0, 
                    4.43278
                ], 
                [
                    -0.0, 
                    -3.13445, 
                    3.13445
                ], 
                [
                    -0.0, 
                    -4.43278, 
                    0.0
                ], 
                [
                    -0.0, 
                    -3.13445, 
                    -3.13445
                ], 
                [
                    0.0, 
                    -0.0, 
                    -4.43278
                ], 
                [
                    0.0, 
                    3.13445, 
                    -3.13445
                ]
            ], 
            "degree": 3, 
            "form": 2, 
            "knots": [
                -2.0, 
                -1.0, 
                0.0, 
                1.0, 
                2.0, 
                3.0, 
                4.0, 
                5.0, 
                6.0, 
                7.0, 
                8.0, 
                9.0, 
                10.0
            ]
        }, 
        {
            "cvs": [
                [
                    3.13445, 
                    -3.13445, 
                    0.0
                ], 
                [
                    4.43278, 
                    -0.0, 
                    0.0
                ], 
                [
                    3.13445, 
                    3.13445, 
                    0.0
                ], 
                [
                    0.0, 
                    4.43278, 
                    0.0
                ], 
                [
                    -3.13445, 
                    3.13445, 
                    -0.0
                ], 
                [
                    -4.43278, 
                    0.0, 
                    -0.0
                ], 
                [
                    -3.13445, 
                    -3.13445, 
                    -0.0
                ], 
                [
                    -0.0, 
                    -4.43278, 
                    -0.0
                ], 
                [
                    3.13445, 
                    -3.13445, 
                    0.0
                ], 
                [
                    4.43278, 
                    -0.0, 
                    0.0
                ], 
                [
                    3.13445, 
                    3.13445, 
                    0.0
                ]
            ], 
            "degree": 3, 
            "form": 2, 
            "knots": [
                -2.0, 
                -1.0, 
                0.0, 
                1.0, 
                2.0, 
                3.0, 
                4.0, 
                5.0, 
                6.0, 
                7.0, 
                8.0, 
                9.0, 
                10.0
            ]
        }
    ], 
    "node": "nurbsCircle1"
}