{
    "curves": [
        {
            "cvs": [
                [
                    0.15689,
                    3.72271,
                    0.0
                ],
                [
                    0.56321,
                    3.39028,
                    -0.0
                ],
                [
                    0.0461,
                    2.6866,
                    0.0
                ],
                [
                    -0.84042,
                    2.9747,
                    0.0
                ],
                [
                    -0.91432,
                    4.19919,
                    0.0
                ],
                [
                    0.32309,
                    4.74036,
                    0.0
                ],
                [
                    1.26502,
                    4.03671,
                    -0.0
                ],
                [
                    0.89567,
                    2.52409,
                    0.0
                ],
                [
                    -5e-05,
                    1.7576,
                    0.0
                ],
                [
                    -3e-05,
                    1.06672,
                    0.0
                ],
                [
                    -1e-05,
                    0.46173,
                    0.0
                ],
                [
                    -0.0,
                    -0.03694,
                    0.0
                ],
                [
                    -0.0,
                    -0.03694,
                    0.0
                ],
                [
                    -0.0,
                    -0.03694,
                    0.0
                ]
            ],
            "degree": 3,
            "form": 0,
            "knots": [
                0.0,
                0.0,
                0.0,
                1.0,
                2.0,
                3.0,
                4.0,
                5.0,
                6.0,
                7.0,
                8.0,
                9.0,
                10.0,
                11.0,
                11.0,
                11.0
            ]
        }
    ],
    "node": "transform1",
    "up_axis": "y"
}