{
    "curves": [
        {
            "cvs": [
                [
                    0.0, 
                    3.72271, 
                    -0.15699
                ], 
                [
                    0.0, 
                    3.39027, 
                    -0.5633
                ], 
                [
                    0.0, 
                    2.6866, 
                    -0.04617
                ], 
                [
                    0.0, 
                    2.97472, 
                    0.84034
                ], 
                [
                    0.0, 
                    4.19921, 
                    0.91421
                ], 
                [
                    0.0, 
                    4.74035, 
                    -0.32321
                ], 
                [
                    0.0, 
                    4.03668, 
                    -1.26513
                ], 
                [
                    0.0, 
                    2.52407, 
                    -0.89574
                ], 
                [
                    0.0, 
                    1.7576, 
                    0.0
                ], 
                [
                    0.0, 
                    1.06672, 
                    0.0
                ], 
                [
                    0.0, 
                    0.46173, 
                    0.0
                ], 
                [
                    0.0, 
                    -0.03694, 
                    0.0
                ], 
                [
                    0.0, 
                    -0.03694, 
                    0.0
                ], 
                [
                    0.0, 
                    -0.03694, 
                    0.0
                ]
            ], 
            "degree": 3, 
            "form": 0, 
            "knots": [
                0.0, 
                0.0, 
                0.0, 
                1.0, 
                2.0, 
                3.0, 
                4.0, 
                5.0, 
                6.0, 
                7.0, 
                8.0, 
                9.0, 
                10.0, 
                11.0, 
                11.0, 
                11.0
            ]
        }
    ], 
    "node": "CTL_LowerArmTwist_1_LF"
}