{
    "curves": [
        {
            "cvs": [
                [
                    -4e-05,
                    0.0,
                    3.72972
                ],
                [
                    -0.0,
                    0.0,
                    4.44194
                ],
                [
                    4e-05,
                    0.0,
                    3.72972
                ],
                [
                    5e-05,
                    0.0,
                    0.0
                ],
                [
                    4e-05,
                    0.0,
                    -3.72972
                ],
                [
                    0.0,
                    0.0,
                    -4.44803
                ],
                [
                    -4e-05,
                    0.0,
                    -3.72972
                ],
                [
                    -5e-05,
                    0.0,
                    -0.0
                ],
                [
                    -4e-05,
                    0.0,
                    3.72972
                ],
                [
                    -0.0,
                    0.0,
                    4.44194
                ],
                [
                    4e-05,
                    0.0,
                    3.72972
                ]
            ],
            "degree": 3,
            "form": 0,
            "knots": [
                -2.0,
                -1.0,
                0.0,
                1.0,
                2.0,
                3.0,
                4.0,
                5.0,
                6.0,
                7.0,
                8.0,
                9.0,
                10.0
            ]
        },
        {
            "cvs": [
                [
                    -0.0001,
                    -3.72972,
                    3.72972
                ],
                [
                    -0.0,
                    0.0,
                    5.27461
                ],
                [
                    0.0001,
                    3.72972,
                    0.47303
                ],
                [
                    0.00019,
                    7.38967,
                    0.0
                ],
                [
                    0.0001,
                    3.72972,
                    -0.47303
                ],
                [
                    0.0,
                    0.0,
                    -5.27461
                ],
                [
                    -0.0001,
                    -3.72972,
                    -3.72972
                ],
                [
                    -0.00014,
                    -5.27461,
                    -0.0
                ],
                [
                    -0.0001,
                    -3.72972,
                    3.72972
                ],
                [
                    -0.0,
                    0.0,
                    5.27461
                ],
                [
                    0.0001,
                    3.72972,
                    0.47303
                ]
            ],
            "degree": 3,
            "form": 0,
            "knots": [
                -2.0,
                -1.0,
                0.0,
                1.0,
                2.0,
                3.0,
                4.0,
                5.0,
                6.0,
                7.0,
                8.0,
                9.0,
                10.0
            ]
        },
        {
            "cvs": [
                [
                    -0.00014,
                    -3.72972,
                    -0.0
                ],
                [
                    -5e-05,
                    0.0,
                    -0.0
                ],
                [
                    6e-05,
                    3.72972,
                    -0.0
                ],
                [
                    0.00019,
                    7.38967,
                    0.0
                ],
                [
                    0.00014,
                    3.72972,
                    0.0
                ],
                [
                    5e-05,
                    0.0,
                    0.0
                ],
                [
                    -6e-05,
                    -3.72972,
                    0.0
                ],
                [
                    -0.00014,
                    -5.27461,
                    -0.0
                ],
                [
                    -0.00014,
                    -3.72972,
                    -0.0
                ],
                [
                    -5e-05,
                    0.0,
                    -0.0
                ],
                [
                    6e-05,
                    3.72972,
                    -0.0
                ]
            ],
            "degree": 3,
            "form": 0,
            "knots": [
                -2.0,
                -1.0,
                0.0,
                1.0,
                2.0,
                3.0,
                4.0,
                5.0,
                6.0,
                7.0,
                8.0,
                9.0,
                10.0
            ]
        }
    ],
    "node": "transform1",
    "up_axis": "y"
}