{
    "curves": [
        {
            "cvs": [
                [
                    0.0,
                    0.0,
                    0.00124
                ],
                [
                    2.3126,
                    6e-05,
                    0.00124
                ],
                [
                    3.08347,
                    8e-05,
                    0.58366
                ],
                [
                    3.08347,
                    8e-05,
                    1.47383
                ],
                [
                    3.85434,
                    0.0001,
                    2.05625
                ],
                [
                    3.85434,
                    0.0001,
                    5.95091
                ],
                [
                    3.08347,
                    8e-05,
                    6.53333
                ],
                [
                    -3.08347,
                    -8e-05,
                    6.53333
                ],
                [
                    -3.85434,
                    -0.0001,
                    5.95091
                ],
                [
                    -3.85434,
                    -0.0001,
                    2.05625
                ],
                [
                    -3.08347,
                    -8e-05,
                    1.47383
                ],
                [
                    -3.08347,
                    -8e-05,
                    0.58366
                ],
                [
                    -2.3126,
                    -6e-05,
                    0.00124
                ],
                [
                    0.0,
                    0.0,
                    0.00124
                ]
            ],
            "degree": 1,
            "form": 0,
            "knots": [
                0.0,
                1.0,
                2.0,
                3.0,
                4.0,
                5.0,
                6.0,
                7.0,
                8.0,
                9.0,
                10.0,
                11.0,
                12.0,
                13.0
            ]
        }
    ],
    "node": "transform1",
    "up_axis": "y"
}